Date,Type,Link
2021-05-13 07:22:21,LIKE,https://www.linkedin.com/feed/update/urn%3Ali%3Aactivity%3A6795604595117830144
2021-05-11 03:48:40,LIKE,https://www.linkedin.com/feed/update/urn%3Ali%3Aactivity%3A6797493297767051264
2021-05-11 03:48:12,LIKE,https://www.linkedin.com/feed/update/urn%3Ali%3Aactivity%3A6797414972671565824
2021-05-07 07:49:54,LIKE,https://www.linkedin.com/feed/update/urn%3Ali%3Aactivity%3A6796335623797137409
2021-05-05 20:28:27,LIKE,https://www.linkedin.com/feed/update/urn%3Ali%3Aactivity%3A6795725929210548224
2021-05-05 03:25:23,LIKE,https://www.linkedin.com/feed/update/urn%3Ali%3Aactivity%3A6795330150247620608
2021-05-03 03:34:58,LIKE,https://www.linkedin.com/feed/update/urn%3Ali%3Aactivity%3A6794188329756762112
2021-05-02 11:12:02,LIKE,https://www.linkedin.com/feed/update/urn%3Ali%3Aactivity%3A6794497314242265088
2021-05-01 18:08:28,LIKE,https://www.linkedin.com/feed/update/urn%3Ali%3Aactivity%3A6794285295673106432
2021-04-30 19:25:38,LIKE,https://www.linkedin.com/feed/update/urn%3Ali%3Aactivity%3A6793886033562939392
2021-04-30 12:39:27,LIKE,https://www.linkedin.com/feed/update/urn%3Ali%3Aactivity%3A6793782794163224577
2021-04-29 19:13:18,LIKE,https://www.linkedin.com/feed/update/urn%3Ali%3Aactivity%3A6793437327017484288
2021-04-29 06:53:49,LIKE,https://www.linkedin.com/feed/update/urn%3Ali%3Aactivity%3A6793149451469938688
2021-04-29 06:52:09,LIKE,https://www.linkedin.com/feed/update/urn%3Ali%3Aactivity%3A6793413484915830784
2021-04-29 04:19:14,LIKE,https://www.linkedin.com/feed/update/urn%3Ali%3Aactivity%3A6793216982264242176
2021-04-27 19:25:13,LIKE,https://www.linkedin.com/feed/update/urn%3Ali%3AgroupPost%3A762547-6792753915604570112
2021-04-27 19:23:33,LIKE,https://www.linkedin.com/feed/update/urn%3Ali%3Aactivity%3A6792764362940579841
2021-04-25 19:54:37,LIKE,https://www.linkedin.com/feed/update/urn%3Ali%3Aactivity%3A6791942572433514496
2021-04-25 19:51:54,LIKE,https://www.linkedin.com/feed/update/urn%3Ali%3AugcPost%3A6792160272128782336
2021-04-22 10:30:28,LIKE,https://www.linkedin.com/feed/update/urn%3Ali%3Aactivity%3A6790901761772269569
2021-04-20 04:18:56,LIKE,https://www.linkedin.com/feed/update/urn%3Ali%3Aactivity%3A6789920843012083712
2021-04-20 04:18:34,LIKE,https://www.linkedin.com/feed/update/urn%3Ali%3Aactivity%3A6789097714186547201
2021-04-19 04:36:31,LIKE,https://www.linkedin.com/feed/update/urn%3Ali%3AugcPost%3A6789735328199544832
2021-04-19 04:34:59,LIKE,https://www.linkedin.com/feed/update/urn%3Ali%3Aactivity%3A6789743041352663040
2021-04-19 04:34:06,LIKE,https://www.linkedin.com/feed/update/urn%3Ali%3AugcPost%3A6789542235470913536
2021-04-18 05:40:41,LIKE,https://www.linkedin.com/feed/update/urn%3Ali%3AugcPost%3A6786973873234685952
2021-04-18 05:39:50,LIKE,https://www.linkedin.com/feed/update/urn%3Ali%3Aactivity%3A6789097350146076672
2021-04-17 04:55:45,LIKE,https://www.linkedin.com/feed/update/urn%3Ali%3Aactivity%3A6788824762555617280
2021-04-16 19:03:54,LIKE,https://www.linkedin.com/feed/update/urn%3Ali%3Aactivity%3A6788897583529111552
2021-04-16 04:37:01,LIKE,https://www.linkedin.com/feed/update/urn%3Ali%3Aactivity%3A6788440438790471680
2021-04-15 05:30:05,LIKE,https://www.linkedin.com/feed/update/urn%3Ali%3Aactivity%3A6788123902804602880
2021-04-14 14:48:07,LIKE,https://www.linkedin.com/feed/update/urn%3Ali%3Aactivity%3A6788065037178191872
2021-04-14 14:45:46,LIKE,https://www.linkedin.com/feed/update/urn%3Ali%3Aactivity%3A6787980934487556096
2021-04-14 14:45:24,LIKE,https://www.linkedin.com/feed/update/urn%3Ali%3Aactivity%3A6788036189019504641
2021-04-14 04:20:12,LIKE,https://www.linkedin.com/feed/update/urn%3Ali%3Aactivity%3A6786931414551142400
2021-04-14 04:19:20,LIKE,https://www.linkedin.com/feed/update/urn%3Ali%3Aactivity%3A6787926429783875584
2021-04-13 18:42:08,LIKE,https://www.linkedin.com/feed/update/urn%3Ali%3AugcPost%3A6787610828297379840
2021-04-13 18:40:52,LIKE,https://www.linkedin.com/feed/update/urn%3Ali%3Aactivity%3A6787661768261955585
2021-04-13 18:40:26,LIKE,https://www.linkedin.com/feed/update/urn%3Ali%3Aactivity%3A6786974631472590848
2021-04-13 18:39:41,LIKE,https://www.linkedin.com/feed/update/urn%3Ali%3Aactivity%3A6783183567926136832
2021-04-12 15:13:42,LIKE,https://www.linkedin.com/feed/update/urn%3Ali%3Aactivity%3A6787233178395402240
2021-04-10 14:40:28,LIKE,https://www.linkedin.com/feed/update/urn%3Ali%3Aactivity%3A6786533193022541824
2021-04-10 05:42:32,LIKE,https://www.linkedin.com/feed/update/urn%3Ali%3Aactivity%3A6786486530920775680
2021-04-09 12:41:11,LIKE,https://www.linkedin.com/feed/update/urn%3Ali%3Aactivity%3A6785954209712898048
2021-04-09 12:40:44,LIKE,https://www.linkedin.com/feed/update/urn%3Ali%3AugcPost%3A6786232941119971328
2021-04-09 12:39:48,PRAISE,https://www.linkedin.com/feed/update/urn%3Ali%3Aactivity%3A6786233123106557952
2021-04-09 12:39:24,LIKE,https://www.linkedin.com/feed/update/urn%3Ali%3Aactivity%3A6786242925358563328
2021-04-08 19:50:43,LIKE,https://www.linkedin.com/feed/update/urn%3Ali%3Aactivity%3A6785897270912122880
2021-04-08 13:53:35,LIKE,https://www.linkedin.com/feed/update/urn%3Ali%3AugcPost%3A6785861168155156480
2021-04-08 13:53:29,LIKE,https://www.linkedin.com/feed/update/urn%3Ali%3Aactivity%3A6785232637016514561
2021-04-07 14:50:33,LIKE,https://www.linkedin.com/feed/update/urn%3Ali%3Aactivity%3A6785447851863392256
2021-04-07 07:06:03,LIKE,https://www.linkedin.com/feed/update/urn%3Ali%3Aactivity%3A6785246628514185216
2021-04-07 04:08:31,LIKE,https://www.linkedin.com/feed/update/urn%3Ali%3Aactivity%3A6785264721789624320
2021-04-07 04:06:36,LIKE,https://www.linkedin.com/feed/update/urn%3Ali%3Aactivity%3A6782954893427675136
2021-04-06 16:44:06,LIKE,https://www.linkedin.com/feed/update/urn%3Ali%3Aactivity%3A6784556055448862720
2021-04-06 14:57:43,LIKE,https://www.linkedin.com/feed/update/urn%3Ali%3Aactivity%3A6784994939160846336
2021-04-06 14:48:31,LIKE,https://www.linkedin.com/feed/update/urn%3Ali%3AugcPost%3A6783788228483936256
2021-04-06 10:04:20,LIKE,https://www.linkedin.com/feed/update/urn%3Ali%3Aactivity%3A6784920839453212672
2021-04-06 10:04:01,LIKE,https://www.linkedin.com/feed/update/urn%3Ali%3Aactivity%3A6785112583193010178
2021-04-05 16:43:39,LIKE,https://www.linkedin.com/feed/update/urn%3Ali%3Aactivity%3A6783177340517265408
2021-04-05 12:29:53,LIKE,https://www.linkedin.com/feed/update/urn%3Ali%3Aactivity%3A6784799422715879424
2021-04-05 06:55:27,LIKE,https://www.linkedin.com/feed/update/urn%3Ali%3Aactivity%3A6783979819718721536
2021-04-04 12:54:28,LIKE,https://www.linkedin.com/feed/update/urn%3Ali%3Aactivity%3A6784176985821331456
2021-04-03 19:13:22,LIKE,https://www.linkedin.com/feed/update/urn%3Ali%3Aactivity%3A6784002470709407744
2021-04-03 19:12:57,LIKE,https://www.linkedin.com/feed/update/urn%3Ali%3Aactivity%3A6783887645383647232
2021-04-03 07:16:15,LIKE,https://www.linkedin.com/feed/update/urn%3Ali%3Aactivity%3A6783081700785303552
2021-04-03 05:53:08,LIKE,https://www.linkedin.com/feed/update/urn%3Ali%3Aactivity%3A6783763467821215744
2021-04-03 05:52:56,LIKE,https://www.linkedin.com/feed/update/urn%3Ali%3Aactivity%3A6783656402599612416
2021-04-02 14:54:34,LIKE,https://www.linkedin.com/feed/update/urn%3Ali%3Aactivity%3A6782717814902951936
2021-04-02 03:34:44,LIKE,https://www.linkedin.com/feed/update/urn%3Ali%3AugcPost%3A6778027118568771584
2021-04-02 03:33:07,LIKE,https://www.linkedin.com/feed/update/urn%3Ali%3AugcPost%3A6783440257716101120
2021-04-02 03:32:19,LIKE,https://www.linkedin.com/feed/update/urn%3Ali%3Aactivity%3A6783326905379627008
2021-04-01 14:43:11,LIKE,https://www.linkedin.com/feed/update/urn%3Ali%3Aactivity%3A6783098279115796480
2021-04-01 07:10:02,LIKE,https://www.linkedin.com/feed/update/urn%3Ali%3Aactivity%3A6781372966182629376
2021-04-01 05:23:13,LIKE,https://www.linkedin.com/feed/update/urn%3Ali%3AugcPost%3A6782927783153823744
2021-03-31 18:45:13,LIKE,https://www.linkedin.com/feed/update/urn%3Ali%3Aactivity%3A6783040179809644544
2021-03-31 18:45:02,LIKE,https://www.linkedin.com/feed/update/urn%3Ali%3Aactivity%3A6782888199829229568
2021-03-31 07:12:22,LIKE,https://www.linkedin.com/feed/update/urn%3Ali%3Aactivity%3A6779556107263315968
2021-03-30 19:03:48,LIKE,https://www.linkedin.com/feed/update/urn%3Ali%3Aactivity%3A6782577118762045440
2021-03-30 10:26:55,LIKE,https://www.linkedin.com/feed/update/urn%3Ali%3AugcPost%3A6782403091192004608
2021-03-30 10:26:33,LIKE,https://www.linkedin.com/feed/update/urn%3Ali%3Aactivity%3A6782542989387530240
2021-03-30 06:00:06,LIKE,https://www.linkedin.com/feed/update/urn%3Ali%3Aactivity%3A6781598179788959744
2021-03-30 05:59:49,LIKE,https://www.linkedin.com/feed/update/urn%3Ali%3Aactivity%3A6782233754405543936
2021-03-29 04:54:36,LIKE,https://www.linkedin.com/feed/update/urn%3Ali%3AugcPost%3A6781775966545969152
2021-03-29 04:53:13,LIKE,https://www.linkedin.com/feed/update/urn%3Ali%3Aactivity%3A6782159977176936448
2021-03-28 06:52:26,LIKE,https://www.linkedin.com/feed/update/urn%3Ali%3Aactivity%3A6781558001980497920
2021-03-28 06:27:00,LIKE,https://www.linkedin.com/feed/update/urn%3Ali%3Aactivity%3A6781643052164399104
2021-03-28 04:11:23,LIKE,https://www.linkedin.com/feed/update/urn%3Ali%3Aactivity%3A6781781774369386496
2021-03-27 19:57:19,LIKE,https://www.linkedin.com/feed/update/urn%3Ali%3Aactivity%3A6781639573228400640
2021-03-27 07:09:46,LIKE,https://www.linkedin.com/feed/update/urn%3Ali%3Aactivity%3A6777967687143448576
2021-03-26 18:22:14,LIKE,https://www.linkedin.com/feed/update/urn%3Ali%3AugcPost%3A6781150123540942849
2021-03-26 18:19:50,LIKE,https://www.linkedin.com/feed/update/urn%3Ali%3Aactivity%3A6780980836381683712
2021-03-26 18:19:22,LIKE,https://www.linkedin.com/feed/update/urn%3Ali%3Aactivity%3A6764167091307315200
2021-03-26 15:05:52,LIKE,https://www.linkedin.com/feed/update/urn%3Ali%3Aactivity%3A6781179452660436992
2021-03-26 15:05:33,LIKE,https://www.linkedin.com/feed/update/urn%3Ali%3Aactivity%3A6781081326389932032
2021-03-26 04:17:23,LIKE,https://www.linkedin.com/feed/update/urn%3Ali%3Aactivity%3A6780754823932444672
2021-03-25 19:03:47,LIKE,https://www.linkedin.com/feed/update/urn%3Ali%3Aactivity%3A6780866430549159936
2021-03-25 19:02:56,LIKE,https://www.linkedin.com/feed/update/urn%3Ali%3Aactivity%3A6780775774262718464
2021-03-25 19:01:21,LIKE,https://www.linkedin.com/feed/update/urn%3Ali%3Aactivity%3A6780864154036170752
2021-03-25 05:32:29,LIKE,https://www.linkedin.com/feed/update/urn%3Ali%3Aactivity%3A6777636655277891584
2021-03-24 18:07:57,LIKE,https://www.linkedin.com/feed/update/urn%3Ali%3Aactivity%3A6780358569050079232
2021-03-24 18:07:31,LIKE,https://www.linkedin.com/feed/update/urn%3Ali%3Aactivity%3A6780399671593455616
2021-03-24 09:39:23,LIKE,https://www.linkedin.com/feed/update/urn%3Ali%3Aactivity%3A6780217346511400960
2021-03-24 06:05:27,LIKE,https://www.linkedin.com/feed/update/urn%3Ali%3AugcPost%3A6780104785539432448
2021-03-24 06:04:42,LIKE,https://www.linkedin.com/feed/update/urn%3Ali%3Aactivity%3A6779981859372834816
2021-03-23 18:52:20,LIKE,https://www.linkedin.com/feed/update/urn%3Ali%3Aactivity%3A6778942150886481920
2021-03-23 04:21:34,LIKE,https://www.linkedin.com/feed/update/urn%3Ali%3Aactivity%3A6779140265081876480
2021-03-22 14:14:34,LIKE,https://www.linkedin.com/feed/update/urn%3Ali%3Aactivity%3A6777861511500095489
2021-03-22 14:06:51,LIKE,https://www.linkedin.com/feed/update/urn%3Ali%3Aactivity%3A6779745401592418304
2021-03-21 20:32:06,LIKE,https://www.linkedin.com/feed/update/urn%3Ali%3Aactivity%3A6778419871458885632
2021-03-21 20:31:56,LIKE,https://www.linkedin.com/feed/update/urn%3Ali%3Aactivity%3A6778714597034655744
2021-03-21 20:28:53,LIKE,https://www.linkedin.com/feed/update/urn%3Ali%3Aactivity%3A6779361254348787713
2021-03-21 20:28:03,LIKE,https://www.linkedin.com/feed/update/urn%3Ali%3Aactivity%3A6779390553542012928
2021-03-20 04:10:03,LIKE,https://www.linkedin.com/feed/update/urn%3Ali%3Aactivity%3A6777442710853832704
2021-03-18 13:16:35,LIKE,https://www.linkedin.com/feed/update/urn%3Ali%3AlyndaCourse%3A3107157
2021-03-17 19:01:31,LIKE,https://www.linkedin.com/feed/update/urn%3Ali%3Aactivity%3A6777996435645358080
2021-03-17 10:12:55,LIKE,https://www.linkedin.com/feed/update/urn%3Ali%3Aactivity%3A6777829666314080256
2021-03-17 05:07:59,LIKE,https://www.linkedin.com/feed/update/urn%3Ali%3Aactivity%3A6777092929963089920
2021-03-17 05:06:33,LIKE,https://www.linkedin.com/feed/update/urn%3Ali%3Aactivity%3A6777454167653941248
2021-03-17 05:05:47,LIKE,https://www.linkedin.com/feed/update/urn%3Ali%3Aactivity%3A6777601701156270080
2021-03-14 11:35:03,LIKE,https://www.linkedin.com/feed/update/urn%3Ali%3Aactivity%3A6776590476536623104
2021-03-13 20:31:57,LIKE,https://www.linkedin.com/feed/update/urn%3Ali%3Aactivity%3A6774412611158056960
2021-03-13 20:31:48,LIKE,https://www.linkedin.com/feed/update/urn%3Ali%3Aactivity%3A6776363377871605760
2021-03-13 20:31:17,LIKE,https://www.linkedin.com/feed/update/urn%3Ali%3Aactivity%3A6776414760490672128
2021-03-13 04:56:32,LIKE,https://www.linkedin.com/feed/update/urn%3Ali%3Aactivity%3A6775427072450977794
2021-03-12 15:54:48,LIKE,https://www.linkedin.com/feed/update/urn%3Ali%3Aactivity%3A6776122644229177347
2021-03-11 12:56:02,LIKE,https://www.linkedin.com/feed/update/urn%3Ali%3Aactivity%3A6775722186318733312
2021-03-11 08:58:34,LIKE,https://www.linkedin.com/feed/update/urn%3Ali%3Aactivity%3A6775460770353360896
2021-03-10 10:43:00,LIKE,https://www.linkedin.com/feed/update/urn%3Ali%3Aactivity%3A6770929583974883328
2021-03-10 10:41:45,LIKE,https://www.linkedin.com/feed/update/urn%3Ali%3Aactivity%3A6775240661273837568
2021-03-10 05:06:12,LIKE,https://www.linkedin.com/feed/update/urn%3Ali%3Aactivity%3A6773611372048658432
2021-03-09 19:20:22,LIKE,https://www.linkedin.com/feed/update/urn%3Ali%3AugcPost%3A6772631052814032897
2021-03-09 05:47:13,LIKE,https://www.linkedin.com/feed/update/urn%3Ali%3Aactivity%3A6770724045311893504
2021-03-08 17:36:50,LIKE,https://www.linkedin.com/feed/update/urn%3Ali%3Aactivity%3A6774703967906660352
2021-03-07 04:06:29,LIKE,https://www.linkedin.com/feed/update/urn%3Ali%3Aactivity%3A6764924631301275648
2021-03-07 04:05:44,LIKE,https://www.linkedin.com/feed/update/urn%3Ali%3Aactivity%3A6774141959171784704
2021-03-07 04:05:30,LIKE,https://www.linkedin.com/feed/update/urn%3Ali%3Aactivity%3A6773889606657081344
2021-03-07 04:05:06,LIKE,https://www.linkedin.com/feed/update/urn%3Ali%3Aactivity%3A6774032703588306945
2021-03-06 17:57:48,LIKE,https://www.linkedin.com/feed/update/urn%3Ali%3Aactivity%3A6770738653888032768
2021-03-06 15:31:08,LIKE,https://www.linkedin.com/feed/update/urn%3Ali%3Aactivity%3A6773974939629363200
2021-03-06 15:31:01,LIKE,https://www.linkedin.com/feed/update/urn%3Ali%3Aactivity%3A6773977789491118081
2021-03-06 15:30:09,LIKE,https://www.linkedin.com/feed/update/urn%3Ali%3Aactivity%3A6773973690699911168
2021-03-06 14:26:02,LIKE,https://www.linkedin.com/feed/update/urn%3Ali%3Aactivity%3A6773871314039119872
2021-03-06 14:25:33,LIKE,https://www.linkedin.com/feed/update/urn%3Ali%3Aactivity%3A6773956504526614528
2021-03-06 05:36:04,LIKE,https://www.linkedin.com/feed/update/urn%3Ali%3Aactivity%3A6773604824823980032
2021-03-03 19:13:53,LIKE,https://www.linkedin.com/feed/update/urn%3Ali%3Aactivity%3A6772926148310507520
2021-03-03 16:44:47,LIKE,https://www.linkedin.com/feed/update/urn%3Ali%3Aactivity%3A6772697708164710400
2021-03-03 16:42:34,LIKE,https://www.linkedin.com/feed/update/urn%3Ali%3AugcPost%3A6772831026705264640
2021-03-03 16:42:02,LIKE,https://www.linkedin.com/feed/update/urn%3Ali%3Aactivity%3A6772851986422411264
2021-03-03 08:03:56,LIKE,https://www.linkedin.com/feed/update/urn%3Ali%3Aactivity%3A6772500654771589120
2021-03-03 05:51:04,LIKE,https://www.linkedin.com/feed/update/urn%3Ali%3Aactivity%3A6770356375018115073
2021-03-03 05:49:08,LIKE,https://www.linkedin.com/feed/update/urn%3Ali%3Aactivity%3A6771866655556427776
2021-03-03 05:48:56,LIKE,https://www.linkedin.com/feed/update/urn%3Ali%3Aactivity%3A6772581089157500928
2021-03-02 13:12:33,LIKE,https://www.linkedin.com/feed/update/urn%3Ali%3AugcPost%3A6772407490618507264
2021-03-02 13:11:25,LIKE,https://www.linkedin.com/feed/update/urn%3Ali%3Aactivity%3A6772475218175823873
2021-03-02 13:11:12,LIKE,https://www.linkedin.com/feed/update/urn%3Ali%3Aactivity%3A6772453348353413120
2021-03-02 06:05:37,LIKE,https://www.linkedin.com/feed/update/urn%3Ali%3Aactivity%3A6772264988234149888
2021-02-28 04:48:30,LIKE,https://www.linkedin.com/feed/update/urn%3Ali%3Aactivity%3A6771508228376326144
2021-02-27 16:44:41,MAYBE,https://www.linkedin.com/feed/update/urn%3Ali%3Aactivity%3A6770845522325450752
2021-02-27 16:43:36,LIKE,https://www.linkedin.com/feed/update/urn%3Ali%3Aactivity%3A6771386541857234944
2021-02-27 07:58:35,LIKE,https://www.linkedin.com/feed/update/urn%3Ali%3Aactivity%3A6771310663978549248
2021-02-27 03:43:45,LIKE,https://www.linkedin.com/feed/update/urn%3Ali%3Aactivity%3A6771106037836648448
2021-02-26 16:35:46,LIKE,https://www.linkedin.com/feed/update/urn%3Ali%3Aactivity%3A6771074108269608960
2021-02-26 13:46:03,LIKE,https://www.linkedin.com/feed/update/urn%3Ali%3Aactivity%3A6767022642403794944
2021-02-26 13:45:55,LIKE,https://www.linkedin.com/feed/update/urn%3Ali%3Aactivity%3A6771012770306560000
2021-02-26 13:45:26,LIKE,https://www.linkedin.com/feed/update/urn%3Ali%3Aactivity%3A6771040706032095232
2021-02-25 04:53:26,LIKE,https://www.linkedin.com/feed/update/urn%3Ali%3AugcPost%3A6770245093397032960
2021-02-25 04:49:47,LIKE,https://www.linkedin.com/feed/update/urn%3Ali%3Aactivity%3A6770403815184302080
2021-02-25 04:49:36,LIKE,https://www.linkedin.com/feed/update/urn%3Ali%3Aactivity%3A6764911666007199744
2021-02-24 20:32:30,LIKE,https://www.linkedin.com/feed/update/urn%3Ali%3Aactivity%3A6770085002123313152
2021-02-24 05:00:29,LIKE,https://www.linkedin.com/feed/update/urn%3Ali%3Aactivity%3A6770150622726504448
2021-02-23 17:23:47,LIKE,https://www.linkedin.com/feed/update/urn%3Ali%3Aactivity%3A6769132710826012672
2021-02-23 16:13:33,LIKE,https://www.linkedin.com/feed/update/urn%3Ali%3Aactivity%3A6769138939270971392
2021-02-23 16:13:12,LIKE,https://www.linkedin.com/feed/update/urn%3Ali%3Aactivity%3A6769950495940341761
2021-02-23 16:12:12,LIKE,https://www.linkedin.com/feed/update/urn%3Ali%3Aactivity%3A6767826707861897216
2021-02-22 15:23:11,LIKE,https://www.linkedin.com/feed/update/urn%3Ali%3Aactivity%3A6766572373203316736
2021-02-22 15:22:38,LIKE,https://www.linkedin.com/feed/update/urn%3Ali%3AugcPost%3A6769492813529829376
2021-02-21 17:50:17,LIKE,https://www.linkedin.com/feed/update/urn%3Ali%3Aactivity%3A6769122306712309760
2021-02-21 17:48:25,LIKE,https://www.linkedin.com/feed/update/urn%3Ali%3Aactivity%3A6769259123008778240
2021-02-21 12:13:37,LIKE,https://www.linkedin.com/feed/update/urn%3Ali%3Aactivity%3A6769199300112187392
2021-02-20 13:56:15,LIKE,https://www.linkedin.com/feed/update/urn%3Ali%3AugcPost%3A6768845348413747200
2021-02-19 11:55:33,LIKE,https://www.linkedin.com/feed/update/urn%3Ali%3Aactivity%3A6768424289851973632
2021-02-19 04:05:34,LIKE,https://www.linkedin.com/feed/update/urn%3Ali%3Aactivity%3A6768279267445936128
2021-02-18 18:07:31,LIKE,https://www.linkedin.com/feed/update/urn%3Ali%3Aactivity%3A6768161986808160256
2021-02-18 18:07:19,LIKE,https://www.linkedin.com/feed/update/urn%3Ali%3Aactivity%3A6768148771701321728
2021-02-18 12:18:08,LIKE,https://www.linkedin.com/feed/update/urn%3Ali%3Aactivity%3A6768066879371268096
2021-02-18 12:17:51,LIKE,https://www.linkedin.com/feed/update/urn%3Ali%3Aactivity%3A6768066607676817408
2021-02-17 13:46:58,APPRECIATION,https://www.linkedin.com/feed/update/urn%3Ali%3Aactivity%3A6766493123905486848
2021-02-17 12:21:59,LIKE,https://www.linkedin.com/feed/update/urn%3Ali%3AugcPost%3A6767763384722063360
2021-02-16 16:31:52,LIKE,https://www.linkedin.com/feed/update/urn%3Ali%3Aactivity%3A6767424604811128832
2021-02-16 16:31:12,EMPATHY,https://www.linkedin.com/feed/update/urn%3Ali%3Aactivity%3A6767166854889897984
2021-02-16 09:09:57,LIKE,https://www.linkedin.com/feed/update/urn%3Ali%3Aactivity%3A6767143237338632192
2021-02-16 09:09:16,LIKE,https://www.linkedin.com/feed/update/urn%3Ali%3Aactivity%3A6767341332936613888
2021-02-15 10:45:48,LIKE,https://www.linkedin.com/feed/update/urn%3Ali%3Aactivity%3A6766353432422023168
2021-02-13 17:35:04,LIKE,https://www.linkedin.com/feed/update/urn%3Ali%3Aactivity%3A6766390859928801280
2021-02-13 10:49:24,LIKE,https://www.linkedin.com/feed/update/urn%3Ali%3AugcPost%3A6766256014691069952
2021-02-12 14:31:13,LIKE,https://www.linkedin.com/feed/update/urn%3Ali%3Aactivity%3A6765912111504769024
2021-02-12 06:55:01,LIKE,https://www.linkedin.com/feed/update/urn%3Ali%3AugcPost%3A6765431449584836608
2021-02-12 06:53:28,LIKE,https://www.linkedin.com/feed/update/urn%3Ali%3Aactivity%3A6765558535196680193
2021-02-11 07:33:20,LIKE,https://www.linkedin.com/feed/update/urn%3Ali%3Aactivity%3A6765272487677767682
2021-02-09 17:01:45,LIKE,https://www.linkedin.com/feed/update/urn%3Ali%3Aactivity%3A6764798610220683264
2021-02-09 13:57:04,LIKE,https://www.linkedin.com/feed/update/urn%3Ali%3AugcPost%3A6764388148404371456
2021-02-07 12:14:51,LIKE,https://www.linkedin.com/feed/update/urn%3Ali%3Aactivity%3A6764104049257140224
2021-02-07 07:22:50,LIKE,https://www.linkedin.com/feed/update/urn%3Ali%3Aactivity%3A6764044321214783488
2021-02-07 04:07:45,LIKE,https://www.linkedin.com/feed/update/urn%3Ali%3Aactivity%3A6763711839533580288
2021-02-07 04:07:03,LIKE,https://www.linkedin.com/feed/update/urn%3Ali%3Aactivity%3A6763842497761337344
2021-02-07 04:06:08,LIKE,https://www.linkedin.com/feed/update/urn%3Ali%3Aactivity%3A6763905924680749056
2021-02-05 10:51:16,LIKE,https://www.linkedin.com/feed/update/urn%3Ali%3Aactivity%3A6762831648770822145
2021-02-05 10:50:18,LIKE,https://www.linkedin.com/feed/update/urn%3Ali%3Aactivity%3A6763376549602344960
2021-02-05 08:08:48,LIKE,https://www.linkedin.com/feed/update/urn%3Ali%3AugcPost%3A6763332549075972096
2021-02-05 04:45:14,LIKE,https://www.linkedin.com/feed/update/urn%3Ali%3Aactivity%3A6763182427104940032
2021-02-04 20:03:09,LIKE,https://www.linkedin.com/feed/update/urn%3Ali%3Aactivity%3A6763060427875237888
2021-02-04 19:59:43,LIKE,https://www.linkedin.com/feed/update/urn%3Ali%3Aactivity%3A6763065578316951553
2021-02-04 19:59:05,LIKE,https://www.linkedin.com/feed/update/urn%3Ali%3Aactivity%3A6763161477454016512
2021-02-04 14:22:30,LIKE,https://www.linkedin.com/feed/update/urn%3Ali%3Aactivity%3A6763015900082786304
2021-02-04 06:04:00,LIKE,https://www.linkedin.com/feed/update/urn%3Ali%3Aactivity%3A6762972105739915264
2021-02-03 09:51:44,LIKE,https://www.linkedin.com/feed/update/urn%3Ali%3Aactivity%3A6762658681495650304
2021-02-03 09:01:09,LIKE,https://www.linkedin.com/feed/update/urn%3Ali%3Aactivity%3A6762629610967445504
2021-02-03 06:22:08,LIKE,https://www.linkedin.com/feed/update/urn%3Ali%3Aactivity%3A6762289653023305728
2021-02-03 04:43:49,LIKE,https://www.linkedin.com/feed/update/urn%3Ali%3Aactivity%3A6762491149505589248
2021-02-02 16:25:58,LIKE,https://www.linkedin.com/feed/update/urn%3Ali%3Aactivity%3A6762308933278294016
2021-02-01 15:47:14,LIKE,https://www.linkedin.com/feed/update/urn%3Ali%3Aactivity%3A6761979851999129600
2021-02-01 10:13:24,LIKE,https://www.linkedin.com/feed/update/urn%3Ali%3Aactivity%3A6761898572951748608
2021-02-01 10:13:04,LIKE,https://www.linkedin.com/feed/update/urn%3Ali%3Aactivity%3A6761875859000373248
2021-01-31 14:23:35,LIKE,https://www.linkedin.com/feed/update/urn%3Ali%3Aactivity%3A6761612352367525888
2021-01-31 09:09:40,LIKE,https://www.linkedin.com/feed/update/urn%3Ali%3Aactivity%3A6761548785219895296
2021-01-31 05:19:30,LIKE,https://www.linkedin.com/feed/update/urn%3Ali%3Aactivity%3A6761253672828596224
2021-01-30 15:58:32,LIKE,https://www.linkedin.com/feed/update/urn%3Ali%3Aactivity%3A6761281909562707968
2021-01-30 05:37:48,LIKE,https://www.linkedin.com/feed/update/urn%3Ali%3Aactivity%3A6761062833624100864
2021-01-29 11:13:33,LIKE,https://www.linkedin.com/feed/update/urn%3Ali%3Aactivity%3A6760553530236403712
2021-01-29 11:12:20,LIKE,https://www.linkedin.com/feed/update/urn%3Ali%3Aactivity%3A6760802170045534208
2021-01-29 06:16:05,LIKE,https://www.linkedin.com/feed/update/urn%3Ali%3Aactivity%3A6759505830564945920
2021-01-29 04:23:59,LIKE,https://www.linkedin.com/feed/update/urn%3Ali%3Aactivity%3A6754426656485711872
2021-01-27 19:13:34,LIKE,https://www.linkedin.com/feed/update/urn%3Ali%3Aactivity%3A6760206180057976832
2021-01-27 19:12:44,LIKE,https://www.linkedin.com/feed/update/urn%3Ali%3Aactivity%3A6760221402109931520
2021-01-27 15:41:10,LIKE,https://www.linkedin.com/feed/update/urn%3Ali%3Aactivity%3A6760197806834671617
2021-01-27 12:10:04,LIKE,https://www.linkedin.com/feed/update/urn%3Ali%3Aactivity%3A6760156664852176897
2021-01-27 10:23:40,LIKE,https://www.linkedin.com/feed/update/urn%3Ali%3Aactivity%3A6759900990691926016
2021-01-27 10:22:48,LIKE,https://www.linkedin.com/feed/update/urn%3Ali%3Aactivity%3A6756895488546549760
2021-01-27 10:00:50,LIKE,https://www.linkedin.com/feed/update/urn%3Ali%3Aactivity%3A6759894146225467392
2021-01-26 19:02:34,LIKE,https://www.linkedin.com/feed/update/urn%3Ali%3Aactivity%3A6759364195906662401
2021-01-26 18:43:56,LIKE,https://www.linkedin.com/feed/update/urn%3Ali%3Aactivity%3A6759873646862340096
2021-01-26 15:17:19,LIKE,https://www.linkedin.com/feed/update/urn%3Ali%3Aactivity%3A6759326486873858048
2021-01-25 11:48:16,LIKE,https://www.linkedin.com/feed/update/urn%3Ali%3Aactivity%3A6759389207921266688
2021-01-24 15:17:08,LIKE,https://www.linkedin.com/feed/update/urn%3Ali%3Aactivity%3A6759018155701477376
2021-01-24 09:08:07,LIKE,https://www.linkedin.com/feed/update/urn%3Ali%3Aactivity%3A6758882032102727680
2021-01-24 09:07:29,LIKE,https://www.linkedin.com/feed/update/urn%3Ali%3Aactivity%3A6758980232096624640
2021-01-24 07:52:43,LIKE,https://www.linkedin.com/feed/update/urn%3Ali%3Aactivity%3A6758983076522582016
2021-01-24 07:52:22,LIKE,https://www.linkedin.com/feed/update/urn%3Ali%3Aactivity%3A6757278784279445504
2021-01-24 07:51:14,LIKE,https://www.linkedin.com/feed/update/urn%3Ali%3Aactivity%3A6759007442958372864
2021-01-24 05:31:57,LIKE,https://www.linkedin.com/feed/update/urn%3Ali%3Aactivity%3A6758793790229688320
2021-01-23 17:44:45,LIKE,https://www.linkedin.com/feed/update/urn%3Ali%3Aactivity%3A6758421942996348928
2021-01-23 17:44:26,LIKE,https://www.linkedin.com/feed/update/urn%3Ali%3Aactivity%3A6758779670801592320
2021-01-23 07:35:44,LIKE,https://www.linkedin.com/feed/update/urn%3Ali%3Aactivity%3A6758634691802222592
2021-01-22 20:29:14,LIKE,https://www.linkedin.com/feed/update/urn%3Ali%3Aactivity%3A6758426694203256832
2021-01-22 07:00:20,LIKE,https://www.linkedin.com/feed/update/urn%3Ali%3Aactivity%3A6757864739709165568
2021-01-22 06:19:39,LIKE,https://www.linkedin.com/feed/update/urn%3Ali%3Aactivity%3A6757884436706131971
2021-01-20 17:44:34,LIKE,https://www.linkedin.com/feed/update/urn%3Ali%3Aactivity%3A6757639997026816001
2021-01-20 17:41:50,LIKE,https://www.linkedin.com/feed/update/urn%3Ali%3AugcPost%3A6757605395117694976
2021-01-20 07:26:01,LIKE,https://www.linkedin.com/feed/update/urn%3Ali%3Aactivity%3A6757549421954641920
2021-01-20 07:24:14,LIKE,https://www.linkedin.com/feed/update/urn%3Ali%3Aactivity%3A6757541597770072064
2021-01-20 04:23:49,LIKE,https://www.linkedin.com/feed/update/urn%3Ali%3Aactivity%3A6757267891101560832
2021-01-19 18:41:29,LIKE,https://www.linkedin.com/feed/update/urn%3Ali%3Aactivity%3A6756577258749722624
2021-01-19 18:39:44,LIKE,https://www.linkedin.com/feed/update/urn%3Ali%3AugcPost%3A6757365445340217344
2021-01-19 11:33:47,LIKE,https://www.linkedin.com/feed/update/urn%3Ali%3Aactivity%3A6754014961007120384
2021-01-19 11:22:14,LIKE,https://www.linkedin.com/feed/update/urn%3Ali%3Aactivity%3A6757211255196434432
2021-01-19 11:17:55,LIKE,https://www.linkedin.com/feed/update/urn%3Ali%3Aactivity%3A6757219066307506176
2021-01-19 08:33:25,LIKE,https://www.linkedin.com/feed/update/urn%3Ali%3Aactivity%3A6757146809946120192
2021-01-17 08:18:05,LIKE,https://www.linkedin.com/feed/update/urn%3Ali%3Aactivity%3A6756449167557718016
2021-01-17 04:57:17,LIKE,https://www.linkedin.com/feed/update/urn%3Ali%3Aactivity%3A6756259589412446208
2021-01-17 04:54:37,LIKE,https://www.linkedin.com/feed/update/urn%3Ali%3Aactivity%3A6753143338880315392
2021-01-17 04:50:41,LIKE,https://www.linkedin.com/feed/update/urn%3Ali%3Aactivity%3A6756410866788270080
2021-01-16 14:37:02,LIKE,https://www.linkedin.com/feed/update/urn%3Ali%3AugcPost%3A6756206224456351744
2021-01-16 09:44:03,LIKE,https://www.linkedin.com/feed/update/urn%3Ali%3Aactivity%3A6756008462045589504
2021-01-16 09:42:11,LIKE,https://www.linkedin.com/feed/update/urn%3Ali%3Aactivity%3A6756091263797338112
2021-01-16 04:01:46,LIKE,https://www.linkedin.com/feed/update/urn%3Ali%3Aactivity%3A6755406693594624000
2021-01-15 16:08:16,LIKE,https://www.linkedin.com/feed/update/urn%3Ali%3Aactivity%3A6755844414511300608
2021-01-15 16:06:44,LIKE,https://www.linkedin.com/feed/update/urn%3Ali%3Aactivity%3A6755852573661646849
2021-01-15 10:03:41,LIKE,https://www.linkedin.com/feed/update/urn%3Ali%3Aactivity%3A6755567690137579520
2021-01-14 02:08:32,LIKE,https://www.linkedin.com/feed/update/urn%3Ali%3Aactivity%3A6755100925397884928
2021-01-13 15:43:57,LIKE,https://www.linkedin.com/feed/update/urn%3Ali%3Aactivity%3A6754985351401545728
2021-01-13 11:09:48,LIKE,https://www.linkedin.com/feed/update/urn%3Ali%3Aactivity%3A6755060088739774464
2021-01-13 05:48:19,LIKE,https://www.linkedin.com/feed/update/urn%3Ali%3AugcPost%3A6752091933197246464
2021-01-13 05:47:49,LIKE,https://www.linkedin.com/feed/update/urn%3Ali%3Aactivity%3A6754893103011811328
2021-01-13 05:45:53,LIKE,https://www.linkedin.com/feed/update/urn%3Ali%3Aactivity%3A6754825648142991360
2021-01-12 14:53:56,LIKE,https://www.linkedin.com/feed/update/urn%3Ali%3Aactivity%3A6754636850759045120
2021-01-12 14:53:04,LIKE,https://www.linkedin.com/feed/update/urn%3Ali%3Aactivity%3A6754752786296004609
2021-01-12 11:08:17,LIKE,https://www.linkedin.com/feed/update/urn%3Ali%3Aactivity%3A6754472802994266112
2021-01-11 15:26:21,LIKE,https://www.linkedin.com/feed/update/urn%3Ali%3Aactivity%3A6754377308016001024
2021-01-10 18:03:55,LIKE,https://www.linkedin.com/feed/update/urn%3Ali%3AugcPost%3A6754043372131934208
2021-01-10 17:18:51,LIKE,https://www.linkedin.com/feed/update/urn%3Ali%3Aactivity%3A6753901804473466880
2021-01-10 17:18:03,LIKE,https://www.linkedin.com/feed/update/urn%3Ali%3AugcPost%3A6754045066483949568
2021-01-10 14:16:30,LIKE,https://www.linkedin.com/feed/update/urn%3Ali%3Aactivity%3A6754031134037938176
2021-01-09 18:15:38,LIKE,https://www.linkedin.com/feed/update/urn%3Ali%3Aactivity%3A6751269229997244416
2021-01-09 13:52:14,LIKE,https://www.linkedin.com/feed/update/urn%3Ali%3Aactivity%3A6752947691883503616
2021-01-09 06:45:44,LIKE,https://www.linkedin.com/feed/update/urn%3Ali%3Aactivity%3A6752470339906785280
2021-01-08 19:22:20,LIKE,https://www.linkedin.com/feed/update/urn%3Ali%3Aactivity%3A6753356289243525120
2021-01-08 14:09:17,LIKE,https://www.linkedin.com/feed/update/urn%3Ali%3Aactivity%3A6753260867678154752
2021-01-08 11:19:21,LIKE,https://www.linkedin.com/feed/update/urn%3Ali%3Aactivity%3A6753218931672027136
2021-01-07 11:21:26,LIKE,https://www.linkedin.com/feed/update/urn%3Ali%3Aactivity%3A6752869273682620416
2021-01-07 04:59:22,LIKE,https://www.linkedin.com/feed/update/urn%3Ali%3Aactivity%3A6748252857054568448
2021-01-07 04:58:28,LIKE,https://www.linkedin.com/feed/update/urn%3Ali%3Aactivity%3A6752788508219322368
2021-01-06 18:15:09,LIKE,https://www.linkedin.com/feed/update/urn%3Ali%3Aactivity%3A6751353576490172416
2021-01-06 18:14:50,LIKE,https://www.linkedin.com/feed/update/urn%3Ali%3Aactivity%3A6752241714901106688
2021-01-06 17:09:24,LIKE,https://www.linkedin.com/feed/update/urn%3Ali%3Aactivity%3A6752593339343769601
2021-01-06 17:09:12,LIKE,https://www.linkedin.com/feed/update/urn%3Ali%3Aactivity%3A6752624285174566912
2021-01-06 15:14:35,LIKE,https://www.linkedin.com/feed/update/urn%3Ali%3Aactivity%3A6752595450169188352
2021-01-06 14:08:09,LIKE,https://www.linkedin.com/feed/update/urn%3Ali%3AugcPost%3A6752399188572594176
2021-01-06 12:40:35,LIKE,https://www.linkedin.com/feed/update/urn%3Ali%3Aactivity%3A6751873894199676928
2021-01-06 08:40:32,LIKE,https://www.linkedin.com/feed/update/urn%3Ali%3Aactivity%3A6752459955409891328
2021-01-05 19:33:20,LIKE,https://www.linkedin.com/feed/update/urn%3Ali%3AugcPost%3A6752254438678913024
2021-01-05 19:32:34,LIKE,https://www.linkedin.com/feed/update/urn%3Ali%3AugcPost%3A6752267026414256128
2021-01-05 13:42:35,LIKE,https://www.linkedin.com/feed/update/urn%3Ali%3Aactivity%3A6752201674217070592
2021-01-05 13:42:18,LIKE,https://www.linkedin.com/feed/update/urn%3Ali%3Aactivity%3A6752187273447583746
2021-01-05 13:42:10,LIKE,https://www.linkedin.com/feed/update/urn%3Ali%3Aactivity%3A6752186813101686784
2021-01-05 05:11:02,LIKE,https://www.linkedin.com/feed/update/urn%3Ali%3AugcPost%3A6752069246609698816
2021-01-04 14:23:47,LIKE,https://www.linkedin.com/feed/update/urn%3Ali%3AugcPost%3A6751833918653120512
2021-01-04 06:01:10,LIKE,https://www.linkedin.com/feed/update/urn%3Ali%3Aactivity%3A6751714938709954560
2021-01-03 18:48:48,LIKE,https://www.linkedin.com/feed/update/urn%3Ali%3Aactivity%3A6751516181758259200
2021-01-03 18:47:47,LIKE,https://www.linkedin.com/feed/update/urn%3Ali%3Aactivity%3A6751542004435578880
2021-01-03 16:00:58,LIKE,https://www.linkedin.com/feed/update/urn%3Ali%3AugcPost%3A6750198999589916672
2021-01-03 15:59:53,LIKE,https://www.linkedin.com/feed/update/urn%3Ali%3Aactivity%3A6751387268260462592
2021-01-03 14:08:41,LIKE,https://www.linkedin.com/feed/update/urn%3Ali%3Aactivity%3A6751411542157225984
2021-01-01 15:11:48,LIKE,https://www.linkedin.com/feed/update/urn%3Ali%3Aactivity%3A6750695340019593216
2021-01-01 15:10:25,LIKE,https://www.linkedin.com/feed/update/urn%3Ali%3Aactivity%3A6750694712325267456
2021-01-01 05:04:56,LIKE,https://www.linkedin.com/feed/update/urn%3Ali%3Aactivity%3A6750446897904787456
2020-12-31 04:56:41,LIKE,https://www.linkedin.com/feed/update/urn%3Ali%3AugcPost%3A6750153615492554752
2020-12-30 18:42:28,LIKE,https://www.linkedin.com/feed/update/urn%3Ali%3Aactivity%3A6750097342138986496
2020-12-30 13:13:31,LIKE,https://www.linkedin.com/feed/update/urn%3Ali%3AugcPost%3A6745220348507234304
2020-12-29 17:49:11,LIKE,https://www.linkedin.com/feed/update/urn%3Ali%3Aactivity%3A6742088335675715584
2020-12-29 10:03:42,LIKE,https://www.linkedin.com/feed/update/urn%3Ali%3Aactivity%3A6749339350053482496
2020-12-28 13:28:50,LIKE,https://www.linkedin.com/feed/update/urn%3Ali%3Aactivity%3A6749277915537526784
2020-12-28 09:12:07,LIKE,https://www.linkedin.com/feed/update/urn%3Ali%3Aactivity%3A6748862861537284096
2020-12-27 19:48:45,LIKE,https://www.linkedin.com/feed/update/urn%3Ali%3AugcPost%3A6749021254960857088
2020-12-26 20:09:56,LIKE,https://www.linkedin.com/feed/update/urn%3Ali%3Aactivity%3A6747915499251777536
2020-12-26 20:07:49,LIKE,https://www.linkedin.com/feed/update/urn%3Ali%3Aactivity%3A6748634178205683712
2020-12-26 20:04:58,LIKE,https://www.linkedin.com/feed/update/urn%3Ali%3Aactivity%3A6745877444168822784
2020-12-25 09:17:03,LIKE,https://www.linkedin.com/feed/update/urn%3Ali%3Aactivity%3A6748157828705378304
2020-12-25 03:46:07,LIKE,https://www.linkedin.com/feed/update/urn%3Ali%3AugcPost%3A6747148768166060032
2020-12-24 17:07:28,LIKE,https://www.linkedin.com/feed/update/urn%3Ali%3Aactivity%3A6747905394653372416
2020-12-24 12:13:22,LIKE,https://www.linkedin.com/feed/update/urn%3Ali%3AugcPost%3A6744783797524434945
2020-12-24 09:59:48,LIKE,https://www.linkedin.com/feed/update/urn%3Ali%3Aactivity%3A6747244342810812416
2020-12-24 08:53:00,LIKE,https://www.linkedin.com/feed/update/urn%3Ali%3Aactivity%3A6747761080455454720
2020-12-24 07:19:31,LIKE,https://www.linkedin.com/feed/update/urn%3Ali%3Aactivity%3A6747624398242496512
2020-12-24 07:18:03,LIKE,https://www.linkedin.com/feed/update/urn%3Ali%3Aactivity%3A6747751989955960832
2020-12-23 19:14:01,LIKE,https://www.linkedin.com/feed/update/urn%3Ali%3Aactivity%3A6747465824673513472
2020-12-23 06:43:31,LIKE,https://www.linkedin.com/feed/update/urn%3Ali%3Aactivity%3A6747230485484847104
2020-12-23 05:30:07,LIKE,https://www.linkedin.com/feed/update/urn%3Ali%3Aactivity%3A6747239461827948545
2020-12-22 14:36:11,LIKE,https://www.linkedin.com/feed/update/urn%3Ali%3Aactivity%3A6746171314345660416
2020-12-22 14:28:39,LIKE,https://www.linkedin.com/feed/update/urn%3Ali%3Aactivity%3A6747123465750396928
2020-12-22 10:45:51,LIKE,https://www.linkedin.com/feed/update/urn%3Ali%3Aactivity%3A6737016035704127488
2020-12-22 10:44:52,LIKE,https://www.linkedin.com/feed/update/urn%3Ali%3AugcPost%3A6745344139556208640
2020-12-22 10:43:15,LIKE,https://www.linkedin.com/feed/update/urn%3Ali%3Aactivity%3A6747079889557446656
2020-12-22 10:42:38,LIKE,https://www.linkedin.com/feed/update/urn%3Ali%3Aactivity%3A6747052201115488256
2020-12-21 18:40:22,LIKE,https://www.linkedin.com/feed/update/urn%3Ali%3AugcPost%3A6746843571422326784
2020-12-21 16:50:23,LIKE,https://www.linkedin.com/feed/update/urn%3Ali%3Aactivity%3A6746737951633391616
2020-12-21 16:49:24,LIKE,https://www.linkedin.com/feed/update/urn%3Ali%3Aactivity%3A6746795039009206272
2020-12-21 16:48:53,LIKE,https://www.linkedin.com/feed/update/urn%3Ali%3Aactivity%3A6746803006492196864
2020-12-21 16:43:46,LIKE,https://www.linkedin.com/feed/update/urn%3Ali%3Aactivity%3A6746782959988277248
2020-12-20 19:54:59,LIKE,https://www.linkedin.com/feed/update/urn%3Ali%3Aactivity%3A6744961579059609600
2020-12-20 12:53:50,LIKE,https://www.linkedin.com/feed/update/urn%3Ali%3Aactivity%3A6746378717544620032
2020-12-20 05:39:23,LIKE,https://www.linkedin.com/feed/update/urn%3Ali%3Aactivity%3A6746001297159397376
2020-12-19 13:19:08,LIKE,https://www.linkedin.com/feed/update/urn%3Ali%3Aactivity%3A6742552833926692864
2020-12-19 07:07:25,LIKE,https://www.linkedin.com/feed/update/urn%3Ali%3Aactivity%3A6745695483055931392
2020-12-19 07:07:04,LIKE,https://www.linkedin.com/feed/update/urn%3Ali%3Aactivity%3A6745941324526104576
2020-12-19 07:06:29,LIKE,https://www.linkedin.com/feed/update/urn%3Ali%3Aactivity%3A6745684881319182336
2020-12-17 17:04:17,LIKE,https://www.linkedin.com/feed/update/urn%3Ali%3Aactivity%3A6745379146102255620
2020-12-17 14:19:40,LIKE,https://www.linkedin.com/feed/update/urn%3Ali%3Aactivity%3A6745308908400766976
2020-12-17 05:10:42,LIKE,https://www.linkedin.com/feed/update/urn%3Ali%3Aactivity%3A6745168702339207168
2020-12-16 13:29:16,LIKE,https://www.linkedin.com/feed/update/urn%3Ali%3Aactivity%3A6744730257682677760
2020-12-16 13:28:33,LIKE,https://www.linkedin.com/feed/update/urn%3Ali%3Aactivity%3A6738747162034753536
2020-12-14 16:26:58,LIKE,https://www.linkedin.com/feed/update/urn%3Ali%3AugcPost%3A6744165189651841024
2020-12-12 10:28:25,LIKE,https://www.linkedin.com/feed/update/urn%3Ali%3Aactivity%3A6743462636278697984
2020-12-11 19:08:23,LIKE,https://www.linkedin.com/feed/update/urn%3Ali%3Aactivity%3A6742139441923559424
2020-12-11 19:06:20,LIKE,https://www.linkedin.com/feed/update/urn%3Ali%3AugcPost%3A6741426109260292096
2020-12-11 19:05:10,LIKE,https://www.linkedin.com/feed/update/urn%3Ali%3Aactivity%3A6739961322873720832
2020-12-11 19:02:24,LIKE,https://www.linkedin.com/feed/update/urn%3Ali%3Aactivity%3A6743207720721117184
2020-12-11 19:00:41,LIKE,https://www.linkedin.com/feed/update/urn%3Ali%3Aactivity%3A6736696248327380992
2020-12-11 18:22:55,LIKE,https://www.linkedin.com/feed/update/urn%3Ali%3Aactivity%3A6742629984436920320
2020-12-11 10:12:28,LIKE,https://www.linkedin.com/feed/update/urn%3Ali%3Aactivity%3A6742838291353214976
2020-12-11 10:11:52,LIKE,https://www.linkedin.com/feed/update/urn%3Ali%3Aactivity%3A6742809548031102977
2020-12-11 10:11:25,LIKE,https://www.linkedin.com/feed/update/urn%3Ali%3Aactivity%3A6743051223810756608
2020-12-11 06:17:19,LIKE,https://www.linkedin.com/feed/update/urn%3Ali%3Aactivity%3A6743033910092943360
2020-12-11 06:16:16,LIKE,https://www.linkedin.com/feed/update/urn%3Ali%3Aactivity%3A6736657074215759872
2020-12-09 06:21:04,LIKE,https://www.linkedin.com/feed/update/urn%3Ali%3AugcPost%3A6742120393877856256
2020-12-09 06:17:56,LIKE,https://www.linkedin.com/feed/update/urn%3Ali%3AugcPost%3A6741587772424929280
2020-12-09 06:17:25,LIKE,https://www.linkedin.com/feed/update/urn%3Ali%3Aactivity%3A6742117378601082880
2020-12-07 19:22:21,LIKE,https://www.linkedin.com/feed/update/urn%3Ali%3Aactivity%3A6741771533372403713
2020-12-07 19:21:44,LIKE,https://www.linkedin.com/feed/update/urn%3Ali%3Aactivity%3A6741743165650432001
2020-12-07 15:16:34,LIKE,https://www.linkedin.com/feed/update/urn%3Ali%3Aactivity%3A6740443683742597120
2020-12-07 12:35:52,LIKE,https://www.linkedin.com/feed/update/urn%3Ali%3Aactivity%3A6733343877631221760
2020-12-04 16:20:28,LIKE,https://www.linkedin.com/feed/update/urn%3Ali%3Aactivity%3A6740088843380244480
2020-12-02 14:46:32,LIKE,https://www.linkedin.com/feed/update/urn%3Ali%3Aactivity%3A6739826242582822913
2020-11-30 03:59:36,LIKE,https://www.linkedin.com/feed/update/urn%3Ali%3Aactivity%3A6731155522453561344
2020-11-30 03:58:57,LIKE,https://www.linkedin.com/feed/update/urn%3Ali%3Aactivity%3A6738800276792229888
2020-11-30 03:58:20,LIKE,https://www.linkedin.com/feed/update/urn%3Ali%3Aactivity%3A6736683321142722560
2020-11-30 03:57:25,LIKE,https://www.linkedin.com/feed/update/urn%3Ali%3Aactivity%3A6738742543497871360
2020-11-28 08:28:31,LIKE,https://www.linkedin.com/feed/update/urn%3Ali%3Aactivity%3A6735781842579951616
2020-11-26 19:42:59,LIKE,https://www.linkedin.com/feed/update/urn%3Ali%3AugcPost%3A6737746284561739776
2020-11-26 19:42:06,LIKE,https://www.linkedin.com/feed/update/urn%3Ali%3AugcPost%3A6737736630125301760
2020-11-26 04:49:27,LIKE,https://www.linkedin.com/feed/update/urn%3Ali%3Aactivity%3A6735601614557642752
2020-11-26 04:42:44,LIKE,https://www.linkedin.com/feed/update/urn%3Ali%3Aactivity%3A6737219357161660416
2020-11-26 04:42:33,LIKE,https://www.linkedin.com/feed/update/urn%3Ali%3AugcPost%3A6737016943297003520
2020-11-24 08:09:57,LIKE,https://www.linkedin.com/feed/update/urn%3Ali%3Aactivity%3A6734132935638835200
2020-11-24 08:09:07,LIKE,https://www.linkedin.com/feed/update/urn%3Ali%3Aactivity%3A6736684773458104320
2020-11-24 08:07:56,LIKE,https://www.linkedin.com/feed/update/urn%3Ali%3AugcPost%3A6735249395157106688
2020-11-24 08:06:12,LIKE,https://www.linkedin.com/feed/update/urn%3Ali%3Aactivity%3A6736427450147860480
2020-11-24 08:02:24,LIKE,https://www.linkedin.com/feed/update/urn%3Ali%3Aactivity%3A6734019377332584448
2020-11-22 09:06:51,LIKE,https://www.linkedin.com/feed/update/urn%3Ali%3AugcPost%3A6732123296281755648
2020-11-22 09:05:45,LIKE,https://www.linkedin.com/feed/update/urn%3Ali%3Aactivity%3A6733502109750235136
2020-11-22 09:05:35,LIKE,https://www.linkedin.com/feed/update/urn%3Ali%3AugcPost%3A6735597456026861568
2020-11-19 18:17:44,LIKE,https://www.linkedin.com/feed/update/urn%3Ali%3Aactivity%3A6734027098756829184
2020-11-19 18:07:09,LIKE,https://www.linkedin.com/feed/update/urn%3Ali%3AugcPost%3A6735225164331573248
2020-11-19 11:04:59,LIKE,https://www.linkedin.com/feed/update/urn%3Ali%3AugcPost%3A6734857759377936384
2020-11-17 19:10:52,LIKE,https://www.linkedin.com/feed/update/urn%3Ali%3Aactivity%3A6733964330091589632
2020-11-17 19:04:16,LIKE,https://www.linkedin.com/feed/update/urn%3Ali%3AugcPost%3A6733091281393733632
2020-11-17 19:00:41,LIKE,https://www.linkedin.com/feed/update/urn%3Ali%3Aactivity%3A6731507070916427776
2020-11-17 18:59:13,LIKE,https://www.linkedin.com/feed/update/urn%3Ali%3Aactivity%3A6733846813578678272
2020-11-17 18:58:30,LIKE,https://www.linkedin.com/feed/update/urn%3Ali%3Aactivity%3A6734465215603204096
2020-11-17 18:57:57,LIKE,https://www.linkedin.com/feed/update/urn%3Ali%3Aactivity%3A6732121960060370944
2020-11-14 15:35:33,LIKE,https://www.linkedin.com/feed/update/urn%3Ali%3Aactivity%3A6730031683753558016
2020-11-14 15:34:48,PRAISE,https://www.linkedin.com/feed/update/urn%3Ali%3Aactivity%3A6729651852465590272
2020-11-14 15:34:30,LIKE,https://www.linkedin.com/feed/update/urn%3Ali%3Aactivity%3A6732433621744918528
2020-11-14 15:33:55,LIKE,https://www.linkedin.com/feed/update/urn%3Ali%3Aactivity%3A6730393786192605185
2020-11-14 15:33:38,LIKE,https://www.linkedin.com/feed/update/urn%3Ali%3AugcPost%3A6732986250837417984
2020-10-21 18:15:55,LIKE,https://www.linkedin.com/feed/update/urn%3Ali%3Aactivity%3A6720547360017129472
2020-10-21 18:15:28,MAYBE,https://www.linkedin.com/feed/update/urn%3Ali%3Aactivity%3A6724665540117307393
2020-10-20 19:02:44,LIKE,https://www.linkedin.com/feed/update/urn%3Ali%3Aactivity%3A6723594423168466944
2020-10-20 19:01:49,LIKE,https://www.linkedin.com/feed/update/urn%3Ali%3Aactivity%3A6724360341792403456
2020-10-20 19:01:33,LIKE,https://www.linkedin.com/feed/update/urn%3Ali%3Aactivity%3A6722952127892729856
2020-10-20 19:00:33,LIKE,https://www.linkedin.com/feed/update/urn%3Ali%3Aactivity%3A6724189920254152704
2020-10-20 03:22:25,LIKE,https://www.linkedin.com/feed/update/urn%3Ali%3Aactivity%3A6723921743230050304
2020-10-16 09:53:01,LIKE,https://www.linkedin.com/feed/update/urn%3Ali%3Aactivity%3A6722762225838366720
2020-10-16 09:45:22,LIKE,https://www.linkedin.com/feed/update/urn%3Ali%3Aactivity%3A6722298704478449664
2020-10-16 09:44:43,APPRECIATION,https://www.linkedin.com/feed/update/urn%3Ali%3AugcPost%3A6720356386024382464
2020-10-16 09:40:46,LIKE,https://www.linkedin.com/feed/update/urn%3Ali%3Aactivity%3A6722129105657057281
2020-10-16 09:39:33,LIKE,https://www.linkedin.com/feed/update/urn%3Ali%3Aactivity%3A6722122141313048576
2020-10-16 07:21:20,LIKE,https://www.linkedin.com/feed/update/urn%3Ali%3Aactivity%3A6720347122169917440
2020-10-05 04:51:20,LIKE,https://www.linkedin.com/feed/update/urn%3Ali%3Aactivity%3A6718586875906412544
2020-10-05 04:48:15,LIKE,https://www.linkedin.com/feed/update/urn%3Ali%3Aactivity%3A6718527801105895424
2020-10-04 11:33:29,LIKE,https://www.linkedin.com/feed/update/urn%3Ali%3Aactivity%3A6718470139697786880
2020-10-04 06:56:43,LIKE,https://www.linkedin.com/feed/update/urn%3Ali%3AugcPost%3A6715934485541642240
2020-10-04 06:03:12,LIKE,https://www.linkedin.com/feed/update/urn%3Ali%3Aactivity%3A6716990548084838400
2020-10-02 09:09:51,LIKE,https://www.linkedin.com/feed/update/urn%3Ali%3AugcPost%3A6716994705126690816
2020-10-02 09:09:34,LIKE,https://www.linkedin.com/feed/update/urn%3Ali%3Aactivity%3A6716649263444574208
2020-10-02 09:07:45,LIKE,https://www.linkedin.com/feed/update/urn%3Ali%3Aactivity%3A6710116153689174016
2020-09-12 05:09:35,LIKE,https://www.linkedin.com/feed/update/urn%3Ali%3Aactivity%3A6710163594417356800
2020-07-07 14:50:57,LIKE,https://www.linkedin.com/feed/update/urn%3Ali%3Aactivity%3A6686257424887885824
2019-11-19 04:06:42,LIKE,https://www.linkedin.com/feed/update/urn%3Ali%3AugcPost%3A6602132115440054272
2019-10-16 18:05:24,LIKE,https://www.linkedin.com/feed/update/urn%3Ali%3AugcPost%3A6588447871794724864
2019-10-16 18:03:41,LIKE,https://www.linkedin.com/feed/update/urn%3Ali%3Aarticle%3A7738587192705048228
2019-10-16 18:03:30,LIKE,https://www.linkedin.com/feed/update/urn%3Ali%3Aactivity%3A6589479938053718016
2019-10-16 18:02:43,LIKE,https://www.linkedin.com/feed/update/urn%3Ali%3AugcPost%3A6589822559339057152
2019-10-16 18:01:11,LIKE,https://www.linkedin.com/feed/update/urn%3Ali%3AugcPost%3A6587454898990829568
2019-10-16 17:59:47,LIKE,https://www.linkedin.com/feed/update/urn%3Ali%3AugcPost%3A6589900789467103232
2019-10-08 02:21:25,LIKE,https://www.linkedin.com/feed/update/urn%3Ali%3Aactivity%3A6582858071985483776
2019-10-08 02:19:18,LIKE,https://www.linkedin.com/feed/update/urn%3Ali%3AugcPost%3A6586896259070726145
2019-10-05 05:01:28,LIKE,https://www.linkedin.com/feed/update/urn%3Ali%3AugcPost%3A6585536781129662465
2019-10-05 05:00:23,LIKE,https://www.linkedin.com/feed/update/urn%3Ali%3Aactivity%3A6582331060833652737
2019-10-05 04:59:52,LIKE,https://www.linkedin.com/feed/update/urn%3Ali%3Aactivity%3A6585976675186561024
2019-10-05 04:59:16,LIKE,https://www.linkedin.com/feed/update/urn%3Ali%3AugcPost%3A6580268581823488000
2019-10-05 04:58:31,LIKE,https://www.linkedin.com/feed/update/urn%3Ali%3Aactivity%3A6583319186783768576
2019-10-05 04:56:25,LIKE,https://www.linkedin.com/feed/update/urn%3Ali%3Aactivity%3A6577557874011144192
